item,itemLabel,startDate,endDate,sourceDate,psid
Q113956874,Glenn Sedney,1995-06-30,2001-07-01,2022-09-13,Q113956874-6A5165F7-7E49-47A5-8128-5F5172D8EE04
Q113956873,Ernst Mercuur,2001-07-01,2010-02-04,2022-09-13,Q113956873-DACC5317-1014-450A-9353-87969BF3141D
Q113956875,Hedwig Gilaard,2010-02-04,2013-07-10,2022-09-13,Q113956875-BEB54453-57AA-483A-9B7D-33DD6BCCBAEC
Q46837592,Ronni Benschop,2013-07-10,2014-02-04,2022-09-13,Q46837592-51D9CAC7-6E00-4156-A905-5FF0B4286228
Q46837592,Ronni Benschop,2014-02-04,2015-08,2022-09-13,Q46837592-BAAC8629-AE7E-4B59-878E-F1C28AF693B1
Q113956872,Adolf Jardim,2015-08,2019-03,2022-09-13,Q113956872-CDC09E28-1D1D-4088-9D82-C738A4F25F69
Q113956878,Robert Kartodikromo,2019-03-22,2021-05-03,2022-09-13,Q113956878-F8D5CF7E-FD76-4FE8-A6E4-F50E35E4967E
Q113956877,Henri van Axeldongen,2021-05-03,2022-03,2022-09-13,Q113956877-B579B270-F891-4242-95BC-34E05ACC7B8B
Q113956879,Werner Kioe A Sen,2022-04-01,,2022-09-13,Q113956879-2C7072AB-B3F0-4C54-918A-7B2947CAA83F
